ID,Agency,City,Website,ContactRole,ProjectFee,Status,SentDate,Notes
AG-01,Iron Creative,"San Francisco, CA",https://ironcreative.com,Creative Director / Founder,"$1,500 - $2,000",Not Sent,,Boutique digital agency; startup UX & branding
AG-02,Kingdom Web Design,"San Francisco, CA",https://kingdomwebdesign.com,Founder / Principal,"$1,500 - $2,000",Not Sent,,Healthcare & professional services web focus
AG-03,Launch Brigade,"Santa Cruz / SF, CA",https://launchbrigade.com,Head of Production / Founder,"$1,500 - $2,000",Not Sent,,Modular web solutions & brand systems
AG-04,Pill Creative Studio,"Los Angeles, CA",https://pillcreative.com,Creative Director,"$1,500 - $2,000",Not Sent,,High-end branding & UI/UX Figma design
AG-05,Italic Studio,"Los Angeles, CA",https://italicstudio.com,Partner / Creative Director,"$1,500 - $2,000",Not Sent,,Multidisciplinary branding & digital design
AG-06,Mad Mind Studios,"Los Angeles, CA",https://madmindstudios.com,Founder / Director,"$1,500 - $2,000",Not Sent,,Web design & commercial branding
AG-07,Polar,"San Diego, CA",https://polardesign.com,Studio Principal / Creative Lead,"$1,500 - $2,000",Not Sent,,Small 2-10 team; boutique branding & web
AG-08,Fifty & Fifty,"San Diego, CA",https://fiftyfifty.agency,Head of Digital / Founder,"$1,500 - $2,000",Not Sent,,Purpose-driven brands; high craft & accessibility
AG-09,Scribe Creative,"Sacramento, CA",https://scribecreative.com,Creative Director,"$1,500 - $2,000",Not Sent,,Digital creative agency; food & beverage & local brands
AG-10,Blumoo Creative Agency,"Sacramento, CA",https://blumoocreative.com,Principal / Digital Lead,"$1,500 - $2,000",Not Sent,,Web design & digital marketing boutique
